year,metro,genSrc,capacity,cnt,all,0,1,2,3,4,5,6,7,8,9,10
2012,강원,소수력,870.0,2,217741,17769,27970,24462,30035,35702,36526,22162,16554,5644,871,46
2012,강원,태양광,11593.029999999999,106,1498715,127059,187849,176633,203739,246105,249386,144252,118572,38990,5680,450
2012,강원,폐기물,888.0,2,133072,11302,16725,13996,18361,22834,23144,13561,9667,3009,412,61
2012,경기,소수력,45.0,1,192341,18569,26462,25051,31576,37221,28920,13455,8294,2399,346,48
2012,경기,태양광,12239.85,250,11338673,1182718,1524018,1466843,1942253,2115843,1617858,780121,516959,166394,23579,2087
2012,경남,바이오,120.0,1,270460,29244,36619,31239,46144,50572,39341,20040,12868,3948,401,44
2012,경남,태양광,29965.77,183,3319314,319389,433187,392545,511254,573563,512964,282914,210388,74637,8021,452
2012,경남,폐기물,1058.0,2,400417,35140,54941,48789,54850,66583,62615,37173,28725,10329,1206,66
2012,경북,소수력,1310.0,2,79961,4659,6513,6974,7318,9769,14333,11878,13281,4535,652,49
2012,경북,연료전지,300.0,1,518913,45975,67119,64406,76256,90222,91285,46447,26961,8953,1234,55
2012,경북,태양광,54307.590000000004,317,2635836,222408,309758,313440,370026,424617,422245,264528,221820,76405,10021,568
2012,광주,태양광,3016.08,44,1469216,149644,222879,197582,239308,254480,197712,111276,70341,22560,3167,267
2012,대구,태양광,1026.27,23,2041279,186067,289229,262108,308968,375013,315516,164700,104495,31339,3603,241
2012,대전,매립지가스(LFG),99.0,1,205688,18923,29322,27961,32093,37344,31978,15235,9509,2893,406,24
2012,대전,태양광,675.83,18,1524583,152264,210828,209445,250711,266856,226538,111811,69928,22907,3070,225
2012,부산,소수력,55.0,1,255692,16932,29818,35987,35392,41500,47292,27606,15643,4809,601,112
2012,부산,태양광,4377.85,45,3417656,258766,395089,451840,513427,565042,606411,355471,204322,59226,6975,1087
2012,서울,태양광,1753.47,41,8113615,671092,940941,1169552,1425875,1394353,1252039,712587,400878,123607,19673,3018
2012,울산,태양광,1254.65,22,1147256,113647,162510,151782,186229,217101,182143,78640,40772,12726,1604,102
2012,인천,태양광,1884.92,37,1717970,169059,220460,229729,289531,312490,264623,125253,76802,26014,3725,284
2012,전남,바이오,54.0,1,273798,25747,43405,34127,37367,48947,38925,21472,16702,6192,872,42
2012,전남,태양광,78166.74,663,1882541,159764,236028,203629,238717,294491,282226,204481,188055,65736,8811,603
2012,전남,해양에너지,110.0,1,33208,2310,3206,2890,3206,4326,5055,4870,5412,1698,221,14
2012,전북,바이오,500.0,3,272149,19181,30744,27281,29859,38576,42557,34278,35150,12693,1693,137
2012,전북,태양광,85545.16,1076,1873341,166173,245976,220440,256667,297989,280597,186025,156650,54994,7308,522
2012,전북,풍력,98.0,1,87000,7047,10711,8697,9852,12882,13268,10103,10196,3678,538,28
2012,제주,바이오,99.0,1,429656,46700,62857,50494,65483,77115,59028,33510,23917,8602,1822,128
2012,제주,태양광,4973.2,41,583713,60411,82614,67058,85584,103309,82532,49442,37022,12871,2684,186
2012,제주,풍력,99.4,1,429656,46700,62857,50494,65483,77115,59028,33510,23917,8602,1822,128
2012,충남,바이오,60.0,1,32087,1827,3016,3042,2873,4019,5430,4482,5314,1883,189,12
2012,충남,소수력,1470.0,4,598578,59774,70115,70319,92383,91437,87442,56455,50625,17550,2315,163
2012,충남,태양광,21818.2,210,2028777,196796,250543,242134,309190,323325,295283,183545,162452,57534,7433,542
2012,충북,태양광,15394.57,229,1379595,126493,183090,172212,201184,231889,214540,117362,96884,31479,4196,266
2012,충북,폐기물,760.0,1,208447,17286,27007,24772,28057,35261,34095,19222,16808,5182,713,44
2013,강원,소수력,870.0,2,216806,17017,27107,24533,28280,35857,37166,22769,17110,5939,972,56
2013,강원,태양광,18966.14,168,1502278,124273,181978,176485,197305,247237,256373,147889,122599,41368,6275,496
2013,강원,폐기물,888.0,2,131903,10838,16088,13547,17525,22661,23501,13932,10110,3188,450,63
2013,경기,소수력,45.0,1,189680,17634,25211,24784,29801,36817,29920,13811,8672,2582,399,49
2013,경기,태양광,20174.47,371,11838050,1215420,1531404,1528207,1980015,2217242,1753092,843834,554919,184329,27192,2396
2013,경남,바이오,1170.0,3,616636,60029,81573,74144,93456,110597,95662,52076,35497,12110,1393,99
2013,경남,태양광,49993.96,317,3333820,317065,418456,389509,499756,582410,529511,292689,215473,79480,8982,489
2013,경남,폐기물,133.0,1,63177,4597,7432,6193,6512,9383,10283,7345,7795,3215,400,22
2013,경북,소수력,1499.0,3,182813,11165,16528,16431,17134,24083,32671,25477,27442,10362,1438,82
2013,경북,연료전지,300.0,1,519467,46129,64381,63091,74790,89981,92834,49082,28349,9457,1311,62
2013,경북,태양광,73274.57,450,2636963,219916,298477,308626,360579,425645,431447,272211,227043,81553,10850,616
2013,경북,폐기물,170.0,1,45067,2375,3674,4487,4341,6407,8660,6683,5792,2344,286,18
2013,광주,태양광,8448.86,89,1472910,146975,216073,196390,234845,257153,206201,114825,72727,23885,3566,270
2013,대구,태양광,3168.0,44,2043881,183324,278576,261296,300896,376434,324506,171301,109418,33896,3961,273
2013,대전,매립지가스(LFG),99.0,1,204360,18284,27986,27635,30738,37582,32928,15739,9890,3112,442,24
2013,대전,태양광,821.17,26,1532811,151389,204521,208751,245953,271990,232754,116550,72656,24554,3458,235
2013,부산,소수력,55.0,1,253526,16523,28157,35602,34167,40685,47431,28573,16497,5097,653,141
2013,부산,태양광,8420.92,71,3408852,257567,376020,444096,502850,562626,610315,367691,215397,63363,7727,1200
2013,서울,태양광,4540.12,88,9297045,745268,1013379,1338359,1618720,1594077,1452727,859028,496792,150069,24757,3869
2013,울산,태양광,2861.62,31,1156480,113736,155655,153164,184933,217577,189014,83925,42997,13602,1768,109
2013,인천,태양광,6220.82,67,1749248,170233,214276,233157,290665,317624,277905,132407,80510,27964,4188,319
2013,전남,바이오,54.0,1,275668,25616,41818,34765,36487,49077,41376,21922,17107,6500,954,46
2013,전남,태양광,112507.57,994,1907172,159089,230502,203211,235164,297576,297793,208811,193402,70734,10219,671
2013,전남,해양에너지,110.0,1,32998,2212,3159,2810,3115,4315,5190,4765,5355,1804,259,14
2013,전북,바이오,500.0,3,270068,18545,29566,26636,28457,38633,43497,34120,34860,13738,1865,151
2013,전북,태양광,164358.61,1920,1872965,163559,238091,217630,248955,301219,288725,189514,157541,58921,8228,582
2013,전북,풍력,98.0,1,86460,6836,10412,8428,9230,13116,13553,10207,10132,3948,574,24
2013,제주,바이오,99.0,1,438165,47091,62003,51624,65087,79032,62930,34289,24478,9342,2160,129
2013,제주,소수력,400.0,1,438165,47091,62003,51624,65087,79032,62930,34289,24478,9342,2160,129
2013,제주,태양광,5946.639999999999,42,593806,60666,81195,68351,84793,105341,87872,50547,37660,13992,3199,190
2013,제주,풍력,99.4,1,438165,47091,62003,51624,65087,79032,62930,34289,24478,9342,2160,129
2013,충남,바이오,60.0,1,32155,1831,2896,2954,2790,4042,5557,4555,5223,2079,215,13
2013,충남,소수력,1470.0,4,603060,59909,68650,68659,91715,94165,89427,57669,51136,19035,2524,171
2013,충남,태양광,29968.83,322,2047631,196979,244451,240680,306780,331271,305002,187634,163655,62325,8275,579
2013,충북,바이오,750.0,1,672904,69204,95623,94414,108371,121034,98016,45267,29609,9899,1388,79
2013,충북,태양광,24265.06,367,1386559,125243,176699,171795,196972,235903,220693,121608,98767,34055,4517,307
2013,충북,폐기물,1260.0,2,301620,24945,36335,34204,40032,51416,50871,28956,25107,8559,1112,83
2014,강원,소수력,1863.0,5,360991,27766,40795,43593,43622,56619,62965,39836,32491,11318,1843,143
2014,강원,태양광,45312.15,386,1505017,122002,175579,178151,189866,246887,259945,155208,125624,44440,6795,520
2014,강원,폐기물,1378.0,3,130690,10568,15394,13486,16499,22259,23484,14615,10360,3472,493,60
2014,강원,풍력,80.0,1,215807,16316,25907,24835,26705,35816,37313,23691,17745,6353,1060,66
2014,경기,소수력,45.0,1,186820,16711,23672,25109,27959,35854,30820,14481,8915,2837,409,53
2014,경기,태양광,44128.99,734,12060624,1217867,1497895,1571133,1949228,2249771,1846202,910469,581457,204517,29414,2671
2014,경남,바이오,1170.0,3,632617,62174,79602,76441,93501,113247,99607,56127,37011,13255,1542,110
2014,경남,태양광,95855.37,679,3350257,316462,402689,391686,486893,585426,542595,309526,218473,86183,9768,556
2014,경남,폐기물,533.0,2,1138305,104213,140457,148745,169508,201645,192913,99647,57692,20899,2427,159
2014,경북,소수력,879.0,3,247695,16449,24500,23079,24419,35428,44428,33352,31279,12822,1818,121
2014,경북,연료전지,300.0,1,519368,46242,61408,62128,72906,89402,93663,52686,29208,10287,1370,68
2014,경북,태양광,124049.99,892,2690530,222145,290461,311706,354991,432363,449511,290940,234193,91830,11703,687
2014,경북,폐기물,170.0,1,44981,2417,3361,4438,4225,6131,8939,6872,5740,2530,306,22
2014,광주,바이오,20.0,1,397281,51597,62765,48139,68982,77411,46870,21491,14116,5165,697,48
2014,광주,태양광,27765.53,244,1475884,145156,207671,197540,227820,260090,212836,119644,74942,26232,3653,300
2014,대구,태양광,7886.1,82,2203682,190930,280340,284952,313266,399040,361898,199962,126167,42015,4762,350
2014,대전,매립지가스(LFG),99.0,1,201558,17481,26376,27509,28887,36840,33617,16807,10168,3409,437,27
2014,대전,태양광,2271.9,57,1531809,148662,196196,210031,237696,271600,237648,124378,74926,26713,3699,260
2014,부산,소수력,55.0,1,249856,16170,26071,35594,32550,39513,46913,29625,17007,5570,681,162
2014,부산,태양광,14223.66,113,3401286,257393,355951,442511,490077,558499,608539,385308,224377,69052,8271,1308
2014,서울,소수력,300.0,1,407470,32025,36782,64319,74178,64452,61709,40656,24395,7529,1216,209
2014,서울,태양광,9326.61,161,10103233,793992,1044513,1457951,1713666,1729469,1604160,980220,568848,177339,28404,4671
2014,세종,태양광,3688.0,30,312250,39048,34310,35064,55296,53514,41562,24738,19376,8162,1112,68
2014,울산,태양광,4561.2,47,1166377,114860,148060,156137,182664,216238,196210,90542,44785,14847,1906,128
2014,인천,태양광,7925.1,86,2109622,200447,248718,289047,339131,381228,349100,164616,96554,35156,5226,399
2014,전남,바이오,694.0,2,324365,28361,44114,40133,40277,55438,51394,29807,23615,9712,1440,74
2014,전남,태양광,238699.43,2128,1905780,157224,220929,204149,228077,296355,304092,214646,192592,76455,10560,701
2014,전남,폐기물,290.0,1,47177,2787,4004,4763,4547,6470,8319,6623,6579,2618,442,25
2014,전남,해양에너지,110.0,1,32746,2181,3012,2766,2982,4245,5370,4701,5266,1969,242,12
2014,전북,바이오,500.0,3,267381,18070,28040,26199,26562,38428,43752,34758,34468,15003,1939,162
2014,전북,소수력,159.0,2,90458,5602,8797,8445,8123,12081,14731,12552,13832,5479,769,47
2014,전북,태양광,346908.19,3874,1871560,161307,228459,217542,239288,303136,293042,198061,157179,64428,8515,603
2014,전북,풍력,98.0,1,85643,6552,9960,8303,8677,13158,13554,10629,9827,4361,600,22
2014,제주,바이오,99.0,1,448834,48038,60606,53746,65335,81089,66079,36063,25142,10445,2152,139
2014,제주,태양광,4100.4800000000005,41,607346,61663,79202,70883,84968,107887,92145,53120,38415,15722,3140,201
2014,제주,풍력,99.4,1,448834,48038,60606,53746,65335,81089,66079,36063,25142,10445,2152,139
2014,충남,바이오,60.0,1,32248,1789,2840,2855,2706,3971,5668,4703,5103,2364,235,14
2014,충남,소수력,1470.0,4,607978,60003,67037,68259,90261,95335,91630,60538,51170,20933,2623,189
2014,충남,태양광,70213.06,746,2062273,196099,237378,242365,300806,333778,313612,196659,163686,68455,8814,621
2014,충북,바이오,750.0,1,831521,85657,107890,113736,132446,146228,123758,62181,41818,15602,2077,128
2014,충북,태양광,46459.06,701,1578933,142815,188890,194013,220756,265726,255182,146731,115403,43469,5548,400
2014,충북,폐기물,1260.0,2,303851,24897,35120,34366,39090,51619,52403,30300,25378,9430,1149,99
2015,강원,바이오,800.0,1,277997,24022,32909,34843,36823,46563,45878,26867,20751,8003,1244,94
2015,강원,소수력,1863.0,5,360715,27124,38467,44965,41821,55997,62761,42263,32934,12270,1960,153
2015,강원,태양광,68253.70999999999,626,1510310,120836,167784,181304,185361,244616,261566,165771,127195,47973,7330,574
2015,강원,폐기물,1378.0,3,129493,10318,14568,13371,15842,21849,23242,15444,10554,3694,543,68
2015,강원,풍력,179.0,2,284896,20846,31150,32110,32842,45732,50883,34271,25554,9840,1558,110
2015,경기,바이오,250.0,1,204935,21471,24923,25640,31398,34840,31821,17604,11696,4840,665,37
2015,경기,소수력,45.0,1,186721,16400,22421,25538,27046,35151,31512,15860,9197,3105,431,60
2015,경기,태양광,70543.01,1091,12411573,1242048,1467940,1632567,1955283,2285347,1942582,1014649,606834,229095,32261,2967
2015,경남,바이오,1170.0,3,645717,64214,76707,79155,93340,114211,102550,61640,37575,14446,1772,107
2015,경남,태양광,131352.05,988,3364702,317867,384287,394794,476814,580967,551878,337382,216802,92498,10817,596
2015,경남,폐기물,533.0,2,1133296,103527,131879,148378,165249,196988,194832,109527,57665,22462,2622,167
2015,경남,풍력,20.0,1,63817,3841,5449,5930,6269,8521,11774,9539,8324,3832,320,18
2015,경북,소수력,1349.0,5,321701,21253,30781,29616,30892,44998,57525,46623,39493,17820,2538,162
2015,경북,연료전지,300.0,1,519584,46491,58228,62119,71343,87634,93624,57931,29643,11020,1467,84
2015,경북,태양광,207558.84,1531,2692673,222852,276645,310287,346423,426954,454614,313290,228779,99511,12590,728
2015,경북,폐기물,330.0,2,167858,15668,16641,20254,25129,27202,26223,17227,12888,5854,714,58
2015,광주,바이오,20.0,1,400753,50697,61105,49977,66762,78243,50081,23155,14328,5583,774,48
2015,광주,태양광,40527.56,343,1472199,143700,197005,198686,221036,258049,217366,127348,76489,28346,3860,314
2015,대구,태양광,8021.01,106,2406901,202440,283399,315916,330288,426466,406677,243369,141598,50632,5653,463
2015,대전,매립지가스(LFG),99.0,1,196839,16500,24323,27172,26953,35480,33807,18173,10236,3743,425,27
2015,대전,태양광,2871.45,72,1518775,145049,184964,210749,228720,267008,238664,134281,76136,29005,3918,281
2015,부산,소수력,55.0,1,246026,15886,23995,35524,30959,38176,45462,31827,17273,5998,760,166
2015,부산,태양광,17100.31,136,3513777,267227,345503,456514,493958,568218,619703,432899,239641,79128,9497,1489
2015,서울,소수력,400.0,3,989715,81725,90492,147054,178063,158990,153940,103143,54136,18861,2895,416
2015,서울,태양광,11170.51,212,10022181,783299,985790,1447221,1668253,1701609,1588333,1037752,582367,192801,29719,5037
2015,세종,태양광,6366.92,70,421768,59650,46796,46086,80050,74740,51744,31228,20702,9436,1268,68
2015,울산,태양광,8739.67,85,1173534,116241,139958,158615,180833,211988,201390,100468,45817,16011,2074,139
2015,인천,태양광,10804.89,125,2129299,201357,237064,292787,335962,376900,359291,182005,99188,38679,5609,457
2015,전남,바이오,640.0,1,47009,2753,3743,4780,4396,6301,8349,6865,6479,2866,452,25
2015,전남,소수력,80.0,2,100023,6527,8313,9195,9767,13149,17177,14644,14423,5934,849,45
2015,전남,태양광,425333.62,3722,1908996,158142,209957,206551,224820,291730,308904,224235,190822,82190,10892,753
2015,전남,폐기물,290.0,1,47009,2753,3743,4780,4396,6301,8349,6865,6479,2866,452,25
2015,전남,해양에너지,110.0,1,32476,2150,2878,2691,2865,4110,5430,4693,5281,2113,254,11
2015,전북,바이오,650.0,4,264744,17608,26477,25837,25392,37327,43662,36466,33346,16474,1986,169
2015,전북,소수력,159.0,2,90294,5483,8512,8460,7979,11835,14742,13058,13344,6032,795,54
2015,전북,태양광,518972.41000000003,5376,1869711,159824,217813,218698,232517,299535,295583,210933,155007,70437,8725,639
2015,전북,폐기물,160.0,1,652282,61084,87530,88380,90642,113461,98650,60845,35554,14229,1790,117
2015,전북,풍력,98.0,1,84856,6329,9502,8172,8224,12827,13641,11197,9557,4757,621,29
2015,제주,바이오,99.0,1,459876,48824,59113,55735,65756,82734,68743,39543,25775,11400,2111,142
2015,제주,태양광,4321.21,43,624395,63183,77313,73565,85811,110642,96129,57880,39258,17326,3075,213
2015,제주,풍력,99.4,1,459876,48824,59113,55735,65756,82734,68743,39543,25775,11400,2111,142
2015,충남,바이오,60.0,1,32485,1762,2716,2900,2652,3938,5715,5017,4888,2619,260,18
2015,충남,소수력,1470.0,4,610207,60034,65048,67483,88375,95553,92378,65350,50124,22858,2788,216
2015,충남,태양광,179617.88,1737,2077649,197236,229214,244233,296909,333108,318857,212781,160439,74759,9433,680
2015,충북,바이오,750.0,1,831912,85045,102445,115409,129357,144511,126462,67388,41839,17083,2226,147
2015,충북,태양광,84872.73,1110,1583952,142319,179628,196456,216258,262133,260270,158194,114586,47691,5977,440
2015,충북,폐기물,1260.0,2,304309,24696,33110,34625,38105,50678,53493,32705,25208,10321,1264,104
2016,강원,바이오,1780.0,2,618686,54823,71267,78352,83162,105255,103716,59863,41841,17692,2531,184
2016,강원,소수력,1863.0,5,358199,26398,36544,43894,40320,54655,62892,44716,33291,13260,2064,165
2016,강원,태양광,113301.35,993,1550806,121381,163401,184869,185407,246372,271727,182332,132782,53788,8091,656
2016,강원,폐기물,1378.0,3,128863,10038,13765,13473,15211,21328,23308,16282,10758,4031,597,72
2016,강원,풍력,179.0,2,283922,20359,29563,31860,31682,44819,51007,36382,25837,10634,1661,118
2016,경기,바이오,250.0,1,210359,22030,24616,26759,31818,35350,32875,18959,11943,5246,719,44
2016,경기,소수력,45.0,1,193763,16971,21799,26815,27858,35405,33554,17556,9850,3404,490,61
2016,경기,태양광,92766.76,1312,12605217,1242065,1428171,1674929,1942418,2295201,2006289,1096197,630668,251144,34871,3264
2016,경남,바이오,2810.0,5,663776,66062,74658,82434,95122,115598,106418,66879,38891,15680,1918,116
2016,경남,태양광,164370.48,1208,3373871,315476,367662,397368,466247,574855,561503,360856,218363,99237,11665,639
2016,경남,폐기물,673.0,3,1167456,104391,127891,151356,163588,198053,202922,123629,64752,27378,3285,211
2016,경남,풍력,26.0,2,113604,6423,9190,10648,10098,15014,20855,17780,14873,7823,862,38
2016,경북,소수력,1349.0,5,319287,20749,29268,28909,29880,43896,56940,49368,38284,19146,2664,183
2016,경북,연료전지,300.0,1,516775,46236,55081,61496,69380,85333,93256,62383,30109,11876,1537,88
2016,경북,태양광,280143.33,1976,2690397,221780,264012,307256,338525,420416,457840,334680,224786,106983,13316,803
2016,경북,폐기물,330.0,2,168404,15453,15946,20031,24764,27107,26829,18543,12635,6241,791,64
2016,광주,바이오,20.0,1,403049,49608,59203,52100,64395,78613,53163,24391,14771,5929,825,51
2016,광주,태양광,45537.869999999995,398,1469214,140957,187604,201402,213395,255953,222914,132868,79294,30370,4102,355
2016,대구,태양광,10253.67,120,2404845,201413,268282,318944,322041,419824,409735,259689,143272,55100,6040,505
2016,대전,매립지가스(LFG),99.0,1,192688,15631,22510,26920,25216,34287,33737,19424,10454,4020,462,27
2016,대전,태양광,3896.0,89,1514370,142076,175916,212796,222879,264265,239111,143650,77775,31484,4110,308
2016,부산,소수력,55.0,1,244624,15550,22469,35571,30231,37014,44907,33421,17967,6503,821,170
2016,부산,태양광,18822.68,152,3498529,267087,325210,455199,483516,558328,610400,454451,246583,85833,10337,1585
2016,서울,소수력,400.0,3,996482,81485,86597,149251,177222,159821,153170,108140,56895,20366,3083,452
2016,서울,태양광,12190.51,238,9930616,761314,934205,1442701,1620974,1678172,1570037,1076270,602541,207716,31211,5475
2016,세종,태양광,14594.6,118,486096,69822,54250,53046,91902,88376,58880,36318,21586,10438,1380,98
2016,울산,태양광,8814.17,87,1172304,115921,132712,158704,177144,206835,205095,108980,47361,17214,2200,138
2016,인천,태양광,12656.95,153,2454952,230059,267092,341282,375508,432426,420587,218569,114699,47376,6831,523
2016,전남,바이오,640.0,1,47229,2766,3605,4828,4382,6209,8440,7067,6383,3060,467,22
2016,전남,소수력,160.0,3,378445,32205,43730,45471,44452,60215,63239,41374,31209,14475,1981,94
2016,전남,태양광,518380.92,4415,1903914,156736,199894,206423,219492,286240,314488,231176,189990,87370,11346,759
2016,전남,해양에너지,110.0,1,32078,2073,2704,2668,2770,3975,5443,4792,5173,2209,259,12
2016,전북,바이오,650.0,4,263552,17236,25214,25783,24722,36543,43968,37403,32920,17484,2091,188
2016,전북,소수력,209.0,3,90546,5460,8286,8397,7878,11677,14976,13364,13122,6484,841,61
2016,전북,태양광,637605.98,6317,1864791,157372,207621,219336,225651,295584,299275,218693,155956,75319,9287,697
2016,전북,폐기물,160.0,1,651744,60677,83381,89156,88492,112244,100452,63383,36669,15287,1875,128
2016,제주,바이오,99.0,1,470665,49174,57746,58001,66183,83716,72219,42206,26778,12362,2126,154
2016,제주,태양광,4392.21,45,641597,64258,75741,76573,86909,112430,100948,61974,40694,18738,3101,231
2016,제주,풍력,99.4,1,470665,49174,57746,58001,66183,83716,72219,42206,26778,12362,2126,154
2016,충남,바이오,660.0,2,155966,10417,14743,16106,15522,21742,26713,22424,17427,9678,1102,92
2016,충남,소수력,1470.0,4,611354,59195,62835,66801,86168,96370,93382,69147,49441,24837,2942,236
2016,충남,태양광,264517.64,2269,2096727,197206,222359,246298,294535,335721,324122,225825,158809,81086,10028,738
2016,충남,폐기물,440.0,1,103873,7560,10039,10407,11497,15551,17812,14854,10414,5063,632,44
2016,충북,매립지가스(LFG),95.0,1,208350,16349,22244,24445,24912,34119,36856,23922,17123,7432,885,63
2016,충북,바이오,750.0,1,835197,84465,98008,116867,127170,143842,128835,72651,42249,18594,2354,162
2016,충북,태양광,119816.46,1395,1591625,141545,171795,198134,212590,259637,264834,170236,114117,51888,6378,471
2016,충북,폐기물,1260.0,2,306137,24580,31586,34786,37434,49932,54585,35377,25148,11253,1349,107
2017,강원,바이오,1780.0,2,621851,53120,68966,80281,81660,103995,104388,64559,42892,19032,2763,195
2017,강원,소수력,1863.0,5,357499,25289,34936,43765,38998,53700,62478,47591,33953,14402,2213,174
2017,강원,태양광,196297.24,1560,1550142,116726,156946,185914,180188,242216,270839,194407,135621,57862,8726,697
2017,강원,폐기물,1378.0,3,128161,9538,13050,13429,14745,20992,23097,17119,11162,4299,658,72
2017,강원,풍력,179.0,2,284292,19533,28257,32203,30737,44064,50687,38914,26432,11566,1777,122
2017,경기,바이오,1200.0,3,258573,24996,27921,33285,36571,41134,41292,26882,17385,7917,1102,88
2017,경기,소수력,405.0,2,382828,34128,40728,48997,54255,66362,64376,39160,23340,10069,1306,107
2017,경기,연료전지,440.0,1,152925,10982,15084,18595,16706,24024,30244,19163,12103,5217,742,65
2017,경기,태양광,151947.71,1845,12761911,1217908,1399746,1709191,1921925,2296669,2057827,1177417,667515,272238,38143,3332
2017,경기,폐기물,909.0,1,392092,48479,41534,42123,65819,71470,56632,36420,20585,7882,1099,49
2017,경남,바이오,1870.0,3,685216,67664,73812,85428,97791,117157,110570,72388,41260,16883,2140,123
2017,경남,소수력,99.0,1,48831,2408,3715,4542,3666,6333,9070,8033,6603,3899,544,18
2017,경남,태양광,223312.28,1565,3380404,307415,356902,397268,454065,566645,569852,383935,225324,105518,12827,653
2017,경남,폐기물,673.0,3,1159970,100750,122546,149500,158421,193078,204151,131215,67327,29209,3544,229
2017,경남,풍력,6.0,1,48831,2408,3715,4542,3666,6333,9070,8033,6603,3899,544,18
2017,경북,소수력,1599.0,6,366845,23316,32154,33312,33470,49582,65029,58445,44313,23679,3360,185
2017,경북,태양광,403163.71,2674,2681731,214969,253810,304367,328034,412693,459399,350523,229074,113344,14711,807
2017,경북,폐기물,330.0,2,166002,14390,15458,18838,23309,26968,27221,19432,12870,6575,883,58
2017,광주,바이오,20.0,1,404131,47237,57907,53786,61839,78849,55802,25877,15470,6438,873,53
2017,광주,태양광,71733.56999999999,530,1463770,135873,179807,203610,205522,253204,225935,138675,83744,32556,4499,345
2017,대구,태양광,23055.03,171,2396245,195359,256043,321133,312571,409470,412456,272546,149941,59520,6677,529
2017,대전,매립지가스(LFG),99.0,1,186902,14256,20790,26404,23417,32388,33444,20474,10873,4294,527,35
2017,대전,태양광,9574.619999999999,153,1502227,135218,168005,213973,215284,258705,239297,152044,81244,33602,4541,314
2017,부산,소수력,65.0,2,515196,35279,48602,70037,64256,80307,90767,71803,38416,13664,1766,299
2017,부산,태양광,22479.27,180,3470653,258732,310044,451791,467624,545052,599544,472617,259903,92153,11579,1614
2017,서울,소수력,416.0,5,936179,68128,73866,144508,156102,150218,149881,105814,62761,21351,2951,599
2017,서울,태양광,20471.739999999998,291,9857426,728462,894656,1447115,1579189,1647989,1553543,1109052,635309,223113,33479,5519
2017,세종,태양광,24152.6,166,560200,80344,64126,60532,104814,104240,67342,42200,23420,11536,1548,98
2017,울산,태양광,12661.17,103,1165132,112441,126894,156966,171065,201695,207642,116984,50444,18430,2418,153
2017,인천,태양광,20832.55,210,2459788,221674,258967,343763,366366,427419,425662,235462,121906,50545,7463,561
2017,전남,바이오,640.0,1,47285,2724,3412,4875,4242,6109,8423,7232,6536,3236,471,25
2017,전남,소수력,80.0,2,99394,6289,7671,9024,9259,12772,17080,15175,14390,6789,898,47
2017,전남,태양광,640268.1900000001,5140,1896424,151229,191645,207412,212235,281291,316532,237209,192849,93150,12133,739
2017,전남,폐기물,480.0,1,82872,8057,9186,7936,10713,13054,12421,9623,7869,3554,428,31
2017,전북,바이오,650.0,4,261174,16493,24113,25418,23598,35781,43565,38011,33429,18247,2352,167
2017,전북,소수력,289.0,4,186145,14474,17038,17889,19967,26000,30060,25647,22113,11333,1540,84
2017,전북,연료전지,420.0,1,95975,9180,9101,9593,12312,14476,15195,12108,8847,4500,629,34
2017,전북,태양광,791878.03,7447,1854607,150817,199956,219942,215957,291298,300220,224916,160990,79365,10440,706
2017,전북,폐기물,320.0,1,648964,58489,79858,89997,85393,111027,101531,65437,38612,16386,2099,135
2017,제주,태양광,4867.21,49,657083,64110,74873,79751,87312,114469,104866,65842,42296,20100,3222,242
2017,제주,풍력,99.4,1,478700,48487,56923,59806,65876,84570,74728,44927,27821,13206,2197,159
2017,충남,바이오,1100.0,3,155077,10085,14112,15856,14978,21192,26741,23201,17340,10246,1243,83
2017,충남,소수력,1470.0,4,617229,58307,61945,66695,85494,97250,95028,72095,50296,26615,3265,239
2017,충남,태양광,372216.25,2949,2116770,193878,218457,248359,292363,336528,330207,237184,161824,86297,10919,754
2017,충남,폐기물,440.0,1,103198,7302,9598,10231,11131,15177,17750,15257,10658,5343,703,48
2017,충남,풍력,20.0,1,171678,16696,18663,19320,23262,27996,26635,18518,12705,6895,931,57
2017,충북,바이오,845.0,2,1043906,97510,115767,142292,148500,175545,168043,103560,61090,27802,3567,230
2017,충북,태양광,168027.0,1769,1594432,137206,165826,199663,207682,255596,267036,182281,116357,55312,6996,477
2017,충북,폐기물,1260.0,2,305622,23641,30283,34378,36384,49003,54990,37767,25609,12007,1447,113
2018,강원,바이오,2670.0,3,624710,51671,66767,80885,80828,101545,106097,69877,43147,20600,3105,188
2018,강원,소수력,2223.0,7,405955,27637,37336,49756,43031,57787,71233,58046,39937,18128,2851,213
2018,강원,연료전지,96.0,1,42610,2212,3377,3660,3650,5860,8612,7542,5126,2214,322,35
2018,강원,태양광,368186.32999999996,2478,1543052,112664,150060,182891,175578,233996,271635,207147,136550,62323,9497,711
2018,강원,폐기물,988.0,2,126540,9165,12523,13015,14048,20030,23044,17940,11409,4561,730,75
2018,강원,풍력,179.0,2,282906,18913,26736,31843,29860,42435,50591,41280,26715,12504,1901,128
2018,경기,바이오,700.0,2,258839,23883,27043,33712,35812,40434,41837,28686,17712,8465,1160,95
2018,경기,소수력,405.0,2,387132,33447,39295,49749,54337,65106,66293,42360,24205,10820,1411,109
2018,경기,연료전지,440.0,1,150676,10143,14068,18363,15819,22594,30238,20674,12272,5653,785,67
2018,경기,태양광,267514.16,2787,12965628,1201650,1374550,1736773,1936964,2274597,2125946,1273911,700506,295064,42107,3560
2018,경기,폐기물,909.0,1,423170,52060,43624,45695,71963,76472,60486,40519,22375,8723,1200,53
2018,경남,바이오,1870.0,3,694626,67293,72600,86396,97691,116158,113462,77145,43283,18150,2322,126
2018,경남,소수력,99.0,1,47533,2231,3455,4184,3420,5917,8872,8206,6605,4025,598,20
2018,경남,연료전지,105.0,1,62455,4261,6015,6036,5641,8350,10823,9086,7221,4404,578,40
2018,경남,태양광,325020.59,2291,3373988,296642,345897,394180,441235,552404,579597,405089,233023,111177,14066,678
2018,경남,폐기물,673.0,3,1156100,97897,117692,147287,155096,187239,206685,138712,70415,30977,3866,234
2018,경남,풍력,6.0,1,47533,2231,3455,4184,3420,5917,8872,8206,6605,4025,598,20
2018,경북,소수력,1624.0,7,415125,26328,34666,36651,37331,53630,72747,68438,51593,29388,4133,220
2018,경북,연료전지,198.0,1,118828,11277,12413,13591,18204,20926,18743,11826,7486,3807,520,35
2018,경북,태양광,600276.0,3907,2666999,207141,244545,299161,318505,398095,465588,363587,234001,119623,15903,850
2018,경북,폐기물,330.0,2,163500,13489,15011,17641,21975,26138,27965,20177,13119,6951,980,54
2018,광주,바이오,20.0,1,404547,45159,56097,55389,59689,77234,59194,27831,16043,6933,920,58
2018,광주,태양광,86049.19,662,1459336,131277,171887,205743,200420,246391,231284,145281,87000,34920,4762,371
2018,대구,연료전지,297.0,1,351291,28571,29313,43532,48399,53666,59146,47617,28551,11097,1289,110
2018,대구,태양광,22207.100000000002,231,2382368,189209,244089,319175,306325,392902,419036,282535,157122,64014,7418,543
2018,대전,매립지가스(LFG),99.0,1,181991,13031,19173,25819,21893,30327,33744,21392,11334,4654,590,34
2018,대전,태양광,12936.75,205,1489936,128497,160537,213955,209040,249652,242983,159155,84756,36054,4988,319
2018,부산,소수력,65.0,2,509471,34063,46360,68778,62456,77297,89169,73904,40638,14623,1876,307
2018,부산,태양광,31213.98,246,3441453,251442,296145,444737,454711,527047,593189,488127,272992,98675,12723,1665
2018,부산,풍력,8.0,1,164864,19825,16593,15868,26537,29349,22144,18493,11067,4336,619,33
2018,서울,소수력,416.0,5,1301373,97640,102910,199509,226119,204832,199838,150466,84125,30582,4647,705
2018,서울,태양광,17931.56,340,9765623,690368,855121,1449790,1548770,1590374,1546954,1142415,660825,238869,36294,5843
2018,세종,태양광,34138.08,268,628252,88904,73390,68062,116762,116494,76746,48522,25066,12416,1782,108
2018,울산,태양광,18058.17,134,1155623,108363,121540,153359,166208,194425,210492,124918,53882,19654,2624,158
2018,인천,태양광,31219.519999999997,301,2538100,219832,257254,351145,371900,428596,444271,264166,134848,56866,8555,667
2018,전남,바이오,640.0,1,46917,2579,3254,4865,4031,5785,8488,7445,6479,3452,510,29
2018,전남,소수력,80.0,2,98394,6089,7250,8936,8780,12228,17132,15471,14188,7319,950,51
2018,전남,태양광,908084.9199999999,6482,1882970,145246,183499,206817,204928,271461,319904,246135,192446,98837,12922,775
2018,전남,폐기물,480.0,1,81991,7631,8972,8172,9914,12726,12556,9864,7877,3774,475,30
2018,전북,바이오,1148.0,5,527186,39468,51255,54300,56729,78880,87397,72697,53989,28297,3888,286
2018,전북,소수력,110.0,2,29209,1843,2403,2361,2479,3591,4831,4434,4404,2472,366,25
2018,전북,연료전지,525.0,1,94444,8446,8826,9360,11416,13931,15539,12552,8851,4814,675,34
2018,전북,태양광,1115191.44,9845,1836832,143990,190798,217554,207874,281151,304598,232335,162865,83485,11434,748
2018,전북,폐기물,320.0,1,651091,57289,76831,91034,84444,108813,104469,68149,40243,17390,2278,151
2018,제주,태양광,15914.21,84,667191,63719,73719,81714,87727,113362,108398,69620,43875,21468,3342,247
2018,제주,풍력,99.4,1,485946,48277,55784,61550,66210,83552,77449,47735,28849,14110,2273,157
2018,충남,바이오,1100.0,3,152526,9502,13324,15434,14327,20070,26530,23947,17294,10616,1394,88
2018,충남,소수력,1470.0,4,615125,55601,60515,66218,82786,95454,96731,75051,50894,28085,3548,242
2018,충남,태양광,545992.87,4031,2126282,189024,213551,248443,288943,331657,338050,248096,164280,91497,11962,779
2018,충남,폐기물,440.0,1,101990,6870,9123,10058,10685,14487,17779,15686,10743,5744,771,44
2018,충남,풍력,20.0,1,174162,16516,18333,19544,23303,27839,27696,19413,12971,7467,1019,61
2018,충북,바이오,845.0,2,1048253,95154,111860,143533,147631,171276,171603,110646,62857,29638,3808,247
2018,충북,소수력,600.0,1,33680,1760,2401,2706,2565,3695,6250,6267,4690,2922,401,23
2018,충북,태양광,245673.0,2373,1599252,133659,159713,200941,205568,248623,271428,194090,118431,58700,7578,521
2018,충북,폐기물,1260.0,2,306334,22776,28997,34627,35884,47319,55744,40500,25901,12854,1613,119
2019,강원,바이오,2670.0,3,630506,51073,64741,81993,80117,100228,107166,76521,42758,22298,3395,216
2019,강원,소수력,2223.0,7,403117,26667,35624,48508,41327,56149,70199,61939,39827,19570,3081,226
2019,강원,연료전지,96.0,1,42106,2036,3137,3468,3427,5526,8400,8198,5061,2470,345,38
2019,강원,태양광,571214.1900000001,4131,1541502,109556,143799,181102,170669,228292,270588,223088,135991,67330,10293,794
2019,강원,폐기물,988.0,2,125652,8823,11832,12771,13516,19305,22829,19162,11558,4939,828,89
2019,강원,풍력,179.0,2,282592,18098,25743,31984,28624,41499,49984,44235,26775,13442,2071,137
2019,경기,바이오,700.0,2,259658,22936,26007,34256,35200,39927,42338,30731,17846,9040,1274,103
2019,경기,소수력,414.0,3,1033588,77724,105513,154080,137072,174802,192876,109309,53128,25383,3474,227
2019,경기,연료전지,1320.0,2,799297,55757,81287,123011,100901,132746,155900,85979,40907,19771,2864,174
2019,경기,태양광,460164.06,4631,13128583,1177274,1345510,1758628,1913818,2274030,2178625,1382350,727200,320250,47022,3876
2019,경기,폐기물,909.0,1,437221,52071,44797,47422,71134,80358,62744,43857,23886,9519,1367,66
2019,경기,풍력,76.0,2,834323,61379,86397,126575,109494,141199,156971,86726,41729,20828,2870,155
2019,경남,바이오,1870.0,3,698093,65917,70573,86230,94830,115332,115850,82120,44924,19587,2593,137
2019,경남,소수력,249.0,2,81991,3640,5356,6586,5449,9251,15624,15259,11799,7837,1156,34
2019,경남,연료전지,105.0,1,62179,3991,5888,6129,5303,8035,10753,9554,7160,4690,637,39
2019,경남,태양광,524414.9,3856,3362553,285500,333957,387562,422681,543280,585420,430008,239382,118395,15649,719
2019,경남,폐기물,673.0,3,1146556,93762,112632,143372,148178,182835,206941,147742,73422,33160,4269,243
2019,경남,풍력,6.0,1,46574,2117,3137,3938,3102,5557,8860,8472,6461,4262,647,21
2019,경북,소수력,1624.0,7,414561,25411,33872,36505,35842,52487,71603,71413,51238,31402,4552,236
2019,경북,연료전지,1078.0,2,117047,10468,11958,12939,16540,20816,19212,12764,7537,4193,578,42
2019,경북,태양광,956832.14,6495,2656219,199723,235224,293645,305830,390145,463270,384686,236951,128673,17156,916
2019,경북,폐기물,160.0,1,117047,10468,11958,12939,16540,20816,19212,12764,7537,4193,578,42
2019,광주,태양광,119081.76,890,1456468,126519,164431,207448,192943,244566,233280,153369,90695,37474,5344,399
2019,대구,연료전지,297.0,1,345469,27103,27792,42229,45899,52318,57845,49203,29426,12118,1419,117
2019,대구,태양광,36251.05,420,2438031,188312,237198,323641,305986,393387,428249,308797,170112,73058,8613,678
2019,대전,매립지가스(LFG),99.0,1,177031,11905,17783,24958,20273,28526,33588,22734,11606,5015,613,30
2019,대전,태양광,19035.77,302,1474870,121829,153179,212629,200480,242481,243869,168307,87513,38853,5397,333
2019,부산,소수력,65.0,2,510309,34146,44514,67777,61246,76564,88080,77049,42609,15892,2105,327
2019,부산,태양광,42493.12,351,3413841,243321,283240,436149,435710,517782,583099,507247,284110,107326,14067,1790
2019,부산,풍력,8.0,1,164716,18803,16718,15872,24478,30097,22374,19349,11580,4751,659,35
2019,서울,소수력,416.0,5,1288648,92547,98328,199785,218203,200929,196771,156189,87080,32984,5093,739
2019,서울,태양광,21935.09,406,9729107,662693,819571,1456623,1509959,1560983,1539968,1189802,684087,259487,39690,6244
2019,세종,태양광,48303.34,424,681150,94498,80074,72680,122928,128944,84960,54416,26890,13528,2126,106
2019,울산,태양광,25475.170000000002,224,1148019,104371,116733,149137,159743,190771,211359,134651,56946,21222,2928,158
2019,인천,태양광,44810.93,478,2548164,213131,250044,350152,363107,425268,448066,286331,140625,61184,9545,711
2019,전남,바이오,640.0,1,46535,2416,3126,5077,3857,5489,8261,7764,6285,3683,547,30
2019,전남,소수력,194.0,4,167578,10162,12521,14684,13863,20288,28644,27906,24086,13539,1795,90
2019,전남,태양광,1402895.3699999999,9113,1868745,139429,175262,204910,195424,266036,318048,257341,192430,104585,14485,795
2019,전남,폐기물,480.0,1,81105,7234,8799,8129,9397,12537,12491,10140,7830,3971,543,34
2019,전북,바이오,1148.0,5,520071,37093,49014,52899,53333,76781,86729,75213,54590,29826,4283,310
2019,전북,소수력,110.0,2,28382,1686,2305,2211,2227,3421,4683,4569,4261,2635,362,22
2019,전북,연료전지,840.0,1,92220,7601,8459,9082,10153,13617,15482,13058,8910,5098,723,37
2019,전북,태양광,1703175.5,14434,1818917,137083,182472,213865,197979,274445,303635,242850,164877,88415,12492,804
2019,전북,폐기물,160.0,1,654394,56268,74271,91782,82942,108081,105617,72359,41760,18632,2515,167
2019,제주,태양광,32645.21,147,670989,62286,72127,82155,84830,113091,110759,74425,44580,22724,3742,270
2019,제주,풍력,99.4,1,489405,47172,54588,62584,64232,83225,79410,51224,29327,14889,2585,169
2019,충남,바이오,2060.0,4,150559,9078,12535,14904,13705,19278,25982,24987,17286,11170,1527,107
2019,충남,소수력,1470.0,4,613589,53241,59307,65237,79006,95029,97575,78860,51392,29717,3941,284
2019,충남,태양광,953807.43,7466,2123709,181907,208186,245737,279253,328355,341504,261164,166601,96991,13146,865
2019,충남,폐기물,440.0,1,101114,6536,8669,9856,10069,14210,17611,16234,10947,6071,859,52
2019,충남,풍력,20.0,1,174690,16038,17784,19278,22847,27544,28250,20392,13445,7927,1121,64
2019,충북,매립지가스(LFG),95.0,1,210737,15330,19640,24556,24116,31575,38040,29383,17478,9391,1161,67
2019,충북,바이오,750.0,1,839566,77033,88408,118938,120345,136784,136549,89604,46067,22538,3114,186
2019,충북,소수력,600.0,1,32949,1563,2246,2541,2374,3505,6069,6484,4620,3055,469,23
2019,충북,태양광,438288.01,4382,1600007,129285,154357,200205,200080,243597,274429,207296,118902,62856,8466,534
2019,충북,폐기물,1260.0,2,305719,21917,27720,34506,34580,45811,56080,43559,25730,13892,1804,120
2020,강원,바이오,2670.0,3,637141,49971,62855,82921,79577,99691,107853,83820,42657,23837,3728,231
2020,강원,소수력,2223.0,7,401154,25419,33414,47867,40129,54705,68916,66647,39546,20908,3359,244
2020,강원,연료전지,96.0,1,41681,1868,2907,3415,3098,5341,8080,8876,4988,2701,365,42
2020,강원,태양광,803847.0,5633,1542840,105598,137508,180015,166349,224378,267815,241578,135459,72012,11264,864
2020,강원,풍력,80.0,1,213321,13488,18974,25201,21691,32357,36652,33706,19586,9908,1649,109
2020,경기,바이오,700.0,2,261904,21553,25424,35469,34785,39668,42378,33494,18110,9563,1350,110
2020,경기,소수력,468.0,4,2113557,174650,221360,294074,280545,371390,360080,227486,120792,54684,8021,475
2020,경기,연료전지,1420.0,3,1876365,153982,197453,262090,245622,328846,322019,202128,107869,48674,7267,415
2020,경기,태양광,633520.52,6357,13315117,1138570,1318622,1795671,1895920,2283390,2214803,1513812,755601,342904,51561,4263
2020,경기,풍력,76.0,2,841927,58680,82044,129031,108870,138530,159236,96799,43424,21989,3136,188
2020,경남,바이오,1870.0,3,700325,62993,69505,85974,90867,115079,116517,88553,46648,21195,2841,153
2020,경남,소수력,329.0,4,79642,3158,4971,5929,4911,8479,14958,16201,11676,8045,1273,41
2020,경남,연료전지,315.0,2,61502,3761,5720,5951,5008,7739,10581,10149,6988,4836,727,42
2020,경남,태양광,754389.67,5651,3340216,268766,324214,378436,399558,536223,582448,462731,245191,124648,17174,827
2020,경남,풍력,6.0,1,44785,1829,2883,3460,2784,4970,8429,8921,6372,4384,730,23
2020,경북,소수력,1634.0,8,509591,30028,38662,44757,42804,63417,87517,93248,63552,39605,5699,302
2020,경북,연료전지,1078.0,2,114758,9524,11541,12032,14876,20660,19625,13758,7677,4406,618,41
2020,경북,태양광,1403801.51,10199,2630345,189169,225461,283330,290265,382218,457814,407484,240366,134549,18708,981
2020,광주,태양광,137023.09,1097,1450062,119692,157144,209375,185867,240867,233822,163784,93541,39671,5875,424
2020,대구,연료전지,297.0,1,341920,25193,26566,41684,43821,51410,56998,51418,30211,13013,1481,125
2020,대구,태양광,49377.0,582,2418346,178226,225898,321534,294310,383839,425479,325957,175276,77665,9429,733
2020,대전,매립지가스(LFG),99.0,1,176384,11307,16700,24528,20177,27261,33686,24620,12102,5275,689,39
2020,대전,태양광,21844.77,375,1463882,114529,146436,212488,194088,237216,241921,179153,91320,40519,5841,371
2020,부산,소수력,65.0,2,503411,32668,42680,65991,58306,75368,85010,79792,43963,17010,2285,338
2020,부산,태양광,49964.34,433,3391946,232356,272014,430987,419014,511148,568913,531620,293299,115680,15028,1887
2020,부산,풍력,8.0,1,174545,19153,17475,17066,24960,32215,24006,21398,12335,5150,744,43
2020,서울,소수력,316.0,3,684776,45013,47636,111588,111001,103932,105591,85696,50341,20415,2999,564
2020,서울,태양광,26336.44,463,9668465,623745,781866,1460411,1475106,1528182,1523556,1243954,704076,278094,42683,6792
2020,세종,태양광,54244.44,516,711662,94566,85354,74906,122984,137662,90410,60278,28784,14218,2400,100
2020,울산,태양광,35401.5,314,1136017,98506,112420,144569,151705,187808,209521,145347,60168,22712,3086,175
2020,인천,태양광,52486.89,561,2538485,201441,242504,344215,350449,420570,444980,312250,146246,64678,10360,792
2020,전남,바이오,640.0,1,46280,2345,3029,4834,3644,5187,8146,8281,6346,3835,598,35
2020,전남,소수력,233.0,6,165002,9502,11939,14157,12728,19460,27809,29258,23831,14232,1980,106
2020,전남,태양광,1940452.16,13176,1851549,132202,167308,200709,186064,259749,313679,272377,192906,109618,16067,870
2020,전북,바이오,2146.0,7,513346,34318,46897,51864,50077,74412,85130,78771,56092,30698,4738,349
2020,전북,소수력,110.0,2,27810,1521,2219,2076,2001,3324,4505,4832,4184,2747,373,28
2020,전북,연료전지,1260.0,3,641744,47028,63049,74879,68580,98916,108214,91939,56688,27833,4345,273
2020,전북,태양광,2445377.82,20851,1804104,128692,174963,211464,189012,268277,299522,255829,170340,91504,13645,856
2020,제주,태양광,123474.0,519,674635,60297,70661,82746,82555,112376,112401,79761,45591,23892,4059,296
2020,제주,풍력,99.0,1,492466,45724,53274,63596,62686,82912,80753,54878,30090,15577,2778,198
2020,충남,바이오,2060.0,4,147623,8501,11862,14044,12851,18523,25015,26166,17561,11354,1634,112
2020,충남,소수력,1470.0,4,611117,49946,58217,64336,74775,95172,96881,83722,52866,30614,4276,312
2020,충남,태양광,1405588.73,11507,2121029,172628,202548,243200,268598,327791,340183,279372,171439,99965,14384,921
2020,충남,풍력,20.0,1,175591,15446,17252,19277,22123,27814,28370,22029,13886,8126,1211,57
2020,충북,바이오,750.0,1,844993,74249,86167,120028,118377,136530,137967,97151,47351,23577,3409,187
2020,충북,소수력,600.0,1,32412,1464,2111,2377,2210,3320,5900,6814,4584,3114,490,28
2020,충북,태양광,633019.0,6444,1600837,123371,149379,199209,194677,241194,273800,223341,120519,65569,9209,569
2021,강원,바이오,2670.0,3,642351,48246,61838,82375,79808,98813,108075,91738,41804,25605,3931,118
2021,강원,소수력,2303.0,8,397862,24239,32278,45398,39050,53331,67683,71472,38653,22186,3459,113
2021,강원,연료전지,96.0,1,40996,1715,2724,3240,2824,5053,7802,9485,4877,2877,382,17
2021,강원,태양광,937868.86,6994,1538492,100971,133885,175424,162817,219422,264586,260158,132627,76586,11658,358
2021,강원,풍력,80.0,1,212965,12837,18449,24560,21221,31762,36670,35766,19512,10438,1698,52
2021,경기,바이오,1199.0,3,265898,20424,25196,36469,35005,39785,42634,36806,18002,10114,1421,42
2021,경기,소수력,468.0,4,2111716,163452,216685,292242,273662,362773,366539,247058,121493,58994,8544,274
2021,경기,연료전지,1420.0,3,1879173,144493,193378,261406,240391,321034,328944,220236,108414,52844,7771,262
2021,경기,태양광,774046.57,7943,13453300,1093082,1311600,1786313,1889318,2280460,2254757,1649389,763410,368780,54457,1734
2021,경기,풍력,76.0,2,842260,54899,78954,128441,108007,134075,160116,106968,44024,23247,3419,110
2021,경남,바이오,1870.0,3,701823,59635,69317,83849,88059,114792,116905,95472,47869,22774,3070,81
2021,경남,소수력,329.0,4,77809,2808,4679,5298,4464,7840,14335,17172,11455,8334,1396,28
2021,경남,연료전지,315.0,2,61073,3496,5818,5667,4755,7444,10294,10845,6923,5015,792,24
2021,경남,태양광,915966.91,7417,3314183,250669,319461,362661,379886,527396,579779,494113,249720,131422,18682,394
2021,경남,풍력,6.0,1,43449,1633,2673,3037,2529,4549,8031,9375,6293,4525,790,14
2021,경북,소수력,1630.0,8,504909,28400,37694,43008,40815,61402,85183,97888,63040,41118,6166,195
2021,경북,연료전지,1078.0,2,113822,8686,11350,11574,13720,20557,20000,14926,7686,4635,670,18
2021,경북,태양광,1957337.98,15032,2617742,178138,221511,275209,278695,375967,452644,431229,243102,140462,20234,551
2021,광주,연료전지,315.0,1,427114,31994,41359,61142,54563,65746,71348,56057,30050,12971,1827,57
2021,광주,태양광,161576.61000000002,1299,1441611,114065,152404,206472,181189,236167,235764,172124,94547,42636,6066,177
2021,대구,연료전지,507.0,2,886362,60877,78931,115609,106089,136232,157924,131363,65970,29768,3517,82
2021,대구,태양광,64964.42,794,2385412,167823,218537,308921,284865,372555,419444,342291,177828,82781,10122,245
2021,대전,바이오,99.0,1,175046,10519,15786,24097,19941,26157,33326,26362,12363,5721,748,26
2021,대전,연료전지,105.0,1,175046,10519,15786,24097,19941,26157,33326,26362,12363,5721,748,26
2021,대전,태양광,26758.82,442,1452251,107548,142175,209397,189669,231018,240017,190514,92390,43199,6155,169
2021,부산,소수력,120.0,3,637833,50515,54694,75785,82638,99840,99549,98778,52001,21168,2795,70
2021,부산,태양광,69097.16,540,3350380,219611,266105,415549,405300,502391,554768,548878,298128,123791,15457,402
2021,부산,풍력,8.0,1,177125,18280,18048,16962,23994,33104,25035,22487,12861,5536,787,31
2021,서울,소수력,316.0,3,671473,42214,45870,108345,107641,100553,104227,88246,49693,21619,2933,132
2021,서울,태양광,28180.04,497,9509458,583683,756136,1422277,1439279,1480780,1507194,1285922,695800,295009,41735,1643
2021,세종,태양광,64989.7,694,743790,94126,91588,77020,123438,145528,97752,67044,29550,15114,2576,54
2021,울산,태양광,44082.83,408,1121592,92018,109990,137422,144891,183954,207056,155775,63024,24119,3276,67
2021,인천,태양광,54474.229999999996,613,2540911,191280,239611,334146,346257,417541,443592,340114,148077,68938,10999,356
2021,전남,매립지가스(LFG),998.0,1,218589,16347,23802,26198,23618,36047,35988,29966,17972,7648,979,24
2021,전남,바이오,640.0,1,46180,2177,2985,4543,3534,5118,8192,8766,6148,4077,613,27
2021,전남,소수력,733.0,11,161977,8662,11446,13484,11730,18640,27413,30207,23296,14898,2134,67
2021,전남,조력,80.0,1,30066,1547,2153,2417,2079,3398,4958,5515,4519,3074,397,9
2021,전남,태양광,2315793.21,15892,1832803,123712,163148,193735,178428,252254,312463,284871,191022,115490,17216,464
2021,전북,바이오,2146.0,7,506090,31651,45513,50183,47238,71948,84315,82069,55732,32181,5108,152
2021,전북,소수력,110.0,2,26855,1272,2151,1906,1752,3096,4387,5058,3938,2855,424,16
2021,전북,연료전지,1260.0,3,634559,43321,61341,72763,65306,96040,108038,96271,57469,29206,4700,104
2021,전북,태양광,2891820.32,24988,1786855,119673,170128,206579,182181,259675,298654,268393,170337,95991,14839,405
2021,제주,태양광,209343.84999999998,837,676759,57987,70369,80923,81026,111251,114905,84877,45783,25230,4213,195
2021,제주,풍력,99.4,1,493096,43758,52802,62256,61500,81836,82663,58499,30370,16396,2895,121
2021,충남,바이오,2400.0,4,144923,7904,11369,13305,12127,17599,24297,27491,17268,11771,1754,38
2021,충남,소수력,1470.0,4,614272,47200,58423,63853,73077,95273,97312,89550,52853,32006,4595,130
2021,충남,태양광,1684007.23,14619,2119257,162726,200673,238297,259565,325419,340591,299801,172067,104173,15528,417
2021,충남,풍력,20.0,1,176645,14755,17111,18885,21597,27812,28792,23804,14009,8521,1321,38
2021,충북,바이오,750.0,1,848482,71136,84739,118755,117775,135963,137868,105609,47969,25055,3517,96
2021,충북,소수력,600.0,1,31878,1334,2017,2247,2016,3135,5605,7353,4423,3220,514,14
2021,충북,태양광,783060.38,8198,1597427,116975,146411,194415,190607,237327,270874,241697,120068,69193,9592,268
